1604225917;25,510000228881836;25,1299991607666;0; 0; 0; 0;4; 33; 42; 71;
1604225920;25,5;25,1299991607666;0; 0; 0; 0;4; 33; 42; 71;
1604225923;25,489999771118164;25,139999389648438;0; 0; 0; 0;4; 33; 42; 71;
1604225926;25,479999542236328;25,1299991607666;0; 0; 0; 0;4; 33; 42; 71;
1604225927;25,479999542236328;25,18000030517578;29,730000000000018; 35,0; 20,53000000000003; 1521;6; 34; 44; 72;
1604225929;25,479999542236328;25,219999313354492;0; 0; 0; 0;6; 34; 44; 72;
1604225932;25,540000915527344;25,209999084472656;0; 0; 0; 0;6; 34; 44; 72;
1604225932;25,549999237060547;25,219999313354492;32,0; 35,900000000000034; 21,560000000000002; 1521;10; 32; 56; 78;
1604225935;25,6200008392334;25,229999542236328;0; 0; 0; 0;10; 32; 56; 78;
1604225935;25,6299991607666;25,229999542236328;30,120000000000005; 35,78000000000003; 21,33000000000004; 2209;7; 34; 50; 77;
1604225938;25,68000030517578;25,25;0; 0; 0; 0;7; 34; 50; 77;
1604225941;25,739999771118164;25,260000228881836;0; 0; 0; 0;7; 34; 50; 77;
1604225942;25,760000228881836;25,260000228881836;31,410000000000025; 35,650000000000034; 21,53000000000003; 1936;7; 36; 55; 79;
1604225944;25,770000457763672;25,260000228881836;0; 0; 0; 0;7; 36; 55; 79;
1604225944;25,770000457763672;25,260000228881836;30,75; 35,54000000000002; 21,400000000000034; 2156;7; 31; 54; 78;
1604225945;25,780000686645508;25,260000228881836;31,28000000000003; 35,59000000000003; 21,33000000000004; 2304;4; 30; 53; 79;
1604225947;25,790000915527344;25,260000228881836;0; 0; 0; 0;4; 30; 53; 79;
1604225950;25,809999465942383;25,309999465942383;0; 0; 0; 0;4; 30; 53; 79;
1604225950;25,809999465942383;25,31999969482422;30,230000000000018; 34,75; 19,960000000000036; 2500;5; 29; 52; 76;
1604225951;25,829999923706055;25,350000381469727;30,910000000000025; 35,08000000000004; 20,340000000000032; 2304;5; 28; 53; 76;
1604225952;25,84000015258789;25,360000610351562;31,340000000000032; 35,420000000000016; 20,74000000000001; 2401;3; 27; 52; 76;
1604225953;25,850000381469727;25,360000610351562;0; 0; 0; 0;3; 27; 52; 76;
1604225954;25,8700008392334;25,360000610351562;28,939999999999998; 34,84000000000003; 20,610000000000014; 2500;2; 26; 49; 73;
1604225956;25,90999984741211;25,3700008392334;0; 0; 0; 0;2; 26; 49; 73;
1604225957;25,940000534057617;25,3700008392334;32,24000000000001; 35,22000000000003; 20,939999999999998; 2304;5; 27; 48; 70;
1604225959;25,979999542236328;25,3799991607666;0; 0; 0; 0;5; 27; 48; 70;
1604225962;26,020000457763672;25,399999618530273;0; 0; 0; 0;5; 27; 48; 70;
1604225965;26,049999237060547;25,40999984741211;0; 0; 0; 0;5; 27; 48; 70;
1604225968;26,06999969482422;25,40999984741211;0; 0; 0; 0;5; 27; 48; 70;
1604225971;26,079999923706055;25,469999313354492;0; 0; 0; 0;5; 27; 48; 70;
1604225971;26,079999923706055;25,479999542236328;31,900000000000034; 34,60000000000002; 20,340000000000032; 1936;7; 32; 52; 77;
1604225974;26,100000381469727;25,510000228881836;0; 0; 0; 0;7; 32; 52; 77;
1604225977;26,15999984741211;25,520000457763672;0; 0; 0; 0;7; 32; 52; 77;
1604225980;26,209999084472656;25,520000457763672;0; 0; 0; 0;7; 32; 52; 77;
1604225983;26,239999771118164;25,540000915527344;0; 0; 0; 0;7; 32; 52; 77;
1604225986;26,25;25,549999237060547;0; 0; 0; 0;7; 32; 52; 77;
1604225989;26,25;25,549999237060547;0; 0; 0; 0;7; 32; 52; 77;
1604225992;26,239999771118164;25,540000915527344;0; 0; 0; 0;7; 32; 52; 77;
1604225995;26,209999084472656;25,530000686645508;0; 0; 0; 0;7; 32; 52; 77;
1604225998;26,18000030517578;25,520000457763672;0; 0; 0; 0;7; 32; 52; 77;
1604226001;26,139999389648438;25,510000228881836;0; 0; 0; 0;7; 32; 52; 77;
1604226004;26,110000610351562;25,489999771118164;0; 0; 0; 0;7; 32; 52; 77;
1604226007;26,059999465942383;25,459999084472656;0; 0; 0; 0;7; 32; 52; 77;
1604226010;26,020000457763672;25,450000762939453;0; 0; 0; 0;7; 32; 52; 77;
1604226013;26,0;25,420000076293945;0; 0; 0; 0;7; 32; 52; 77;
1604226016;25,969999313354492;25,40999984741211;0; 0; 0; 0;7; 32; 52; 77;
1604226019;25,950000762939453;25,389999389648438;0; 0; 0; 0;7; 32; 52; 77;
1604226022;25,90999984741211;25,3799991607666;0; 0; 0; 0;7; 32; 52; 77;
1604226025;25,8799991607666;25,3700008392334;0; 0; 0; 0;7; 32; 52; 77;
1604226028;25,829999923706055;25,350000381469727;0; 0; 0; 0;7; 32; 52; 77;
1604226031;25,790000915527344;25,329999923706055;0; 0; 0; 0;7; 32; 52; 77;
1604226034;25,760000228881836;25,309999465942383;0; 0; 0; 0;7; 32; 52; 77;
1604226037;25,739999771118164;25,309999465942383;0; 0; 0; 0;7; 32; 52; 77;
1604226040;25,719999313354492;25,290000915527344;0; 0; 0; 0;7; 32; 52; 77;
1604226043;25,700000762939453;25,280000686645508;0; 0; 0; 0;7; 32; 52; 77;
1604226046;25,690000534057617;25,270000457763672;0; 0; 0; 0;7; 32; 52; 77;
1604226049;25,670000076293945;25,25;0; 0; 0; 0;7; 32; 52; 77;
1604226052;25,65999984741211;25,239999771118164;0; 0; 0; 0;7; 32; 52; 77;
1604226055;25,65999984741211;25,239999771118164;0; 0; 0; 0;7; 32; 52; 77;
1604226058;25,65999984741211;25,239999771118164;0; 0; 0; 0;7; 32; 52; 77;
1604226061;25,65999984741211;25,239999771118164;0; 0; 0; 0;7; 32; 52; 77;
1604226064;25,670000076293945;25,239999771118164;0; 0; 0; 0;7; 32; 52; 77;
1604226067;25,68000030517578;25,229999542236328;0; 0; 0; 0;7; 32; 52; 77;
1604226070;25,68000030517578;25,219999313354492;0; 0; 0; 0;7; 32; 52; 77;
1604226073;25,68000030517578;25,219999313354492;0; 0; 0; 0;7; 32; 52; 77;
1604226076;25,65999984741211;25,209999084472656;0; 0; 0; 0;7; 32; 52; 77;
1604226079;25,649999618530273;25,209999084472656;0; 0; 0; 0;7; 32; 52; 77;
1604226082;25,639999389648438;25,209999084472656;0; 0; 0; 0;7; 32; 52; 77;
1604226085;25,6200008392334;25,209999084472656;0; 0; 0; 0;7; 32; 52; 77;
1604226088;25,6200008392334;25,209999084472656;0; 0; 0; 0;7; 32; 52; 77;
1604226091;25,6200008392334;25,200000762939453;0; 0; 0; 0;7; 32; 52; 77;
1604226094;25,6200008392334;25,190000534057617;0; 0; 0; 0;7; 32; 52; 77;
1604226097;25,6299991607666;25,200000762939453;0; 0; 0; 0;7; 32; 52; 77;
1604226100;25,639999389648438;25,190000534057617;0; 0; 0; 0;7; 32; 52; 77;
1604226103;25,649999618530273;25,209999084472656;0; 0; 0; 0;7; 32; 52; 77;
1604226106;25,65999984741211;25,200000762939453;0; 0; 0; 0;7; 32; 52; 77;
1604226109;25,670000076293945;25,200000762939453;0; 0; 0; 0;7; 32; 52; 77;
1604226112;25,68000030517578;25,219999313354492;0; 0; 0; 0;7; 32; 52; 77;
1604226115;25,700000762939453;25,219999313354492;0; 0; 0; 0;7; 32; 52; 77;
1604226118;25,709999084472656;25,229999542236328;0; 0; 0; 0;7; 32; 52; 77;
1604226121;25,719999313354492;25,229999542236328;0; 0; 0; 0;7; 32; 52; 77;
1604226124;25,719999313354492;25,239999771118164;0; 0; 0; 0;7; 32; 52; 77;
1604226127;25,729999542236328;25,239999771118164;0; 0; 0; 0;7; 32; 52; 77;
1604226130;25,729999542236328;25,239999771118164;0; 0; 0; 0;7; 32; 52; 77;
1604226133;25,739999771118164;25,239999771118164;0; 0; 0; 0;7; 32; 52; 77;
1604226136;25,739999771118164;25,239999771118164;0; 0; 0; 0;7; 32; 52; 77;
1604226139;25,719999313354492;25,239999771118164;0; 0; 0; 0;7; 32; 52; 77;
1604226142;25,719999313354492;25,239999771118164;0; 0; 0; 0;7; 32; 52; 77;
1604226145;25,709999084472656;25,239999771118164;0; 0; 0; 0;7; 32; 52; 77;
1604226148;25,700000762939453;25,239999771118164;0; 0; 0; 0;7; 32; 52; 77;
1604226151;25,700000762939453;25,25;0; 0; 0; 0;7; 32; 52; 77;
1604226154;25,690000534057617;25,309999465942383;0; 0; 0; 0;7; 32; 52; 77;
1604226157;25,719999313354492;25,34000015258789;0; 0; 0; 0;7; 32; 52; 77;
1604226160;25,790000915527344;25,360000610351562;0; 0; 0; 0;7; 32; 52; 77;
1604226163;25,860000610351562;25,3799991607666;0; 0; 0; 0;7; 32; 52; 77;
1604226166;25,90999984741211;25,399999618530273;0; 0; 0; 0;7; 32; 52; 77;
1604226169;25,940000534057617;25,40999984741211;0; 0; 0; 0;7; 32; 52; 77;
1604226172;25,959999084472656;25,420000076293945;0; 0; 0; 0;7; 32; 52; 77;
1604226175;25,969999313354492;25,43000030517578;0; 0; 0; 0;7; 32; 52; 77;
1604226178;25,969999313354492;25,440000534057617;0; 0; 0; 0;7; 32; 52; 77;
1604226181;25,959999084472656;25,43000030517578;0; 0; 0; 0;7; 32; 52; 77;
1604226184;25,950000762939453;25,43000030517578;0; 0; 0; 0;7; 32; 52; 77;
1604226187;25,950000762939453;25,440000534057617;0; 0; 0; 0;7; 32; 52; 77;
1604226190;25,950000762939453;25,440000534057617;0; 0; 0; 0;7; 32; 52; 77;
1604226193;25,93000030517578;25,440000534057617;0; 0; 0; 0;7; 32; 52; 77;
1604226196;25,93000030517578;25,420000076293945;0; 0; 0; 0;7; 32; 52; 77;
1604226199;25,920000076293945;25,40999984741211;0; 0; 0; 0;7; 32; 52; 77;
1604226202;25,90999984741211;25,399999618530273;0; 0; 0; 0;7; 32; 52; 77;
1604226205;25,889999389648438;25,399999618530273;0; 0; 0; 0;7; 32; 52; 77;
1604226208;25,8700008392334;25,399999618530273;0; 0; 0; 0;7; 32; 52; 77;
1604226211;25,8700008392334;25,399999618530273;0; 0; 0; 0;7; 32; 52; 77;
1604226214;25,860000610351562;25,389999389648438;0; 0; 0; 0;7; 32; 52; 77;
1604226217;25,850000381469727;25,389999389648438;0; 0; 0; 0;7; 32; 52; 77;
1604226220;25,850000381469727;25,3799991607666;0; 0; 0; 0;7; 32; 52; 77;
1604226223;25,850000381469727;25,3799991607666;0; 0; 0; 0;7; 32; 52; 77;
1604226226;25,850000381469727;25,3799991607666;0; 0; 0; 0;7; 32; 52; 77;
1604226229;25,850000381469727;25,3799991607666;0; 0; 0; 0;7; 32; 52; 77;
1604226232;25,829999923706055;25,3799991607666;0; 0; 0; 0;7; 32; 52; 77;
1604226235;25,829999923706055;25,3799991607666;0; 0; 0; 0;7; 32; 52; 77;
1604226238;25,81999969482422;25,3799991607666;0; 0; 0; 0;7; 32; 52; 77;
1604226241;25,809999465942383;25,3799991607666;0; 0; 0; 0;7; 32; 52; 77;
1604226244;25,799999237060547;25,3799991607666;0; 0; 0; 0;7; 32; 52; 77;
1604226247;25,790000915527344;25,3799991607666;0; 0; 0; 0;7; 32; 52; 77;
1604226254;25,780000686645508;25,3700008392334;0; 0; 0; 0;7; 32; 52; 77;
1604226257;25,770000457763672;25,360000610351562;0; 0; 0; 0;7; 32; 52; 77;
1604226260;25,770000457763672;25,350000381469727;0; 0; 0; 0;7; 32; 52; 77;
1604226263;25,760000228881836;25,399999618530273;0; 0; 0; 0;7; 32; 52; 77;
1604226263;25,760000228881836;25,40999984741211;29,930000000000007; 34,79000000000002; 20,08000000000004; 2116;2; 26; 47; 71;
1604226265;25,770000457763672;25,440000534057617;31,970000000000027; 35,54000000000002; 20,980000000000018; 2116;1; 25; 48; 72;
1604226266;25,790000915527344;25,440000534057617;0; 0; 0; 0;1; 25; 48; 72;
1604226266;25,790000915527344;25,440000534057617;31,970000000000027; 35,610000000000014; 20,910000000000025; 2304;1; 25; 48; 72;
1604226269;25,850000381469727;25,440000534057617;0; 0; 0; 0;1; 25; 48; 72;
1604226272;25,93000030517578;25,459999084472656;0; 0; 0; 0;1; 25; 48; 72;
1604226275;25,989999771118164;25,479999542236328;0; 0; 0; 0;1; 25; 48; 72;
1604226275;26,0;25,489999771118164;31,980000000000018; 35,56; 21,200000000000045; 2304;3; 27; 48; 72;
1604226278;26,040000915527344;25,5;0; 0; 0; 0;3; 27; 48; 72;
1604226281;26,06999969482422;25,510000228881836;0; 0; 0; 0;3; 27; 48; 72;
1604226284;26,100000381469727;25,520000457763672;0; 0; 0; 0;3; 27; 48; 72;
1604226287;26,110000610351562;25,530000686645508;0; 0; 0; 0;3; 27; 48; 72;
1604226289;26,110000610351562;25,59000015258789;31,129999999999995; 34,93000000000001; 20,140000000000043; 2116;0; 31; 40; 71;
1604226290;26,110000610351562;25,610000610351562;0; 0; 0; 0;0; 31; 40; 71;
1604226290;26,110000610351562;25,6200008392334;31,27000000000004; 34,910000000000025; 20,310000000000002; 1681;0; 29; 43; 72;
1604226292;26,139999389648438;25,6200008392334;32,22000000000003; 35,18000000000001; 23,870000000000005; 1936;0; 30; 42; 72;
1604226293;26,149999618530273;25,6200008392334;0; 0; 0; 0;0; 30; 42; 72;
1604226296;26,15999984741211;25,6299991607666;0; 0; 0; 0;0; 30; 42; 72;
1604226299;26,200000762939453;25,649999618530273;0; 0; 0; 0;0; 30; 42; 72;
1604226302;26,239999771118164;25,649999618530273;0; 0; 0; 0;0; 30; 42; 72;
1604226305;26,260000228881836;25,670000076293945;0; 0; 0; 0;0; 30; 42; 72;
1604226308;26,290000915527344;25,670000076293945;0; 0; 0; 0;0; 30; 42; 72;
1604226311;26,309999465942383;25,68000030517578;0; 0; 0; 0;0; 30; 42; 72;
1604226314;26,309999465942383;25,690000534057617;0; 0; 0; 0;0; 30; 42; 72;
1604226317;26,309999465942383;25,690000534057617;0; 0; 0; 0;0; 30; 42; 72;
1604226320;26,309999465942383;25,690000534057617;0; 0; 0; 0;0; 30; 42; 72;
1604226323;26,299999237060547;25,68000030517578;0; 0; 0; 0;0; 30; 42; 72;
1604226326;26,270000457763672;25,68000030517578;0; 0; 0; 0;0; 30; 42; 72;
1604226329;26,25;25,670000076293945;0; 0; 0; 0;0; 30; 42; 72;
1604226332;26,15999984741211;25,65999984741211;0; 0; 0; 0;0; 30; 42; 72;
1604226334;26,110000610351562;25,700000762939453;28,450000000000045; 34,910000000000025; 20,340000000000032; 1849;4; 36; 42; 74;
1604226335;26,100000381469727;25,729999542236328;0; 0; 0; 0;4; 36; 42; 74;
1604226338;26,110000610351562;25,690000534057617;0; 0; 0; 0;4; 36; 42; 74;
1604226338;26,110000610351562;25,68000030517578;27,860000000000014; 35,01000000000005; 20,640000000000043; 1521;5; 37; 43; 75;
1604226340;26,1200008392334;25,670000076293945;27,840000000000032; 35,24000000000001; 20,900000000000034; 1521;5; 37; 43; 75;
1604226341;26,1299991607666;25,670000076293945;0; 0; 0; 0;5; 37; 43; 75;
1604226341;26,1299991607666;25,670000076293945;27,870000000000005; 35,24000000000001; 20,950000000000045; 1521;5; 37; 42; 74;
1604226342;26,139999389648438;25,670000076293945;29,010000000000048; 35,410000000000025; 20,930000000000007; 1444;5; 36; 44; 75;
1604226344;26,15999984741211;25,670000076293945;0; 0; 0; 0;5; 36; 44; 75;
1604226347;26,18000030517578;25,670000076293945;30,140000000000043; 35,51000000000005; 20,840000000000032; 1600;11; 19; 47; 55;
1604226347;26,18000030517578;25,670000076293945;0; 0; 0; 0;11; 19; 47; 55;
1604226349;26,200000762939453;25,65999984741211;34,0; 35,32000000000005; 31,660000000000025; 1369;11; 15; 54; 58;
1604226350;26,200000762939453;25,65999984741211;0; 0; 0; 0;11; 15; 54; 58;
1604226352;26,209999084472656;25,65999984741211;33,83000000000004; 35,43000000000001; 27,75; 1936;10; 14; 55; 59;
1604226353;26,209999084472656;25,649999618530273;0; 0; 0; 0;10; 14; 55; 59;
1604226356;26,209999084472656;25,639999389648438;0; 0; 0; 0;10; 14; 55; 59;
1604226359;26,200000762939453;25,6200008392334;0; 0; 0; 0;10; 14; 55; 59;
1604226362;26,200000762939453;25,610000610351562;0; 0; 0; 0;10; 14; 55; 59;
1604226365;26,18000030517578;25,649999618530273;0; 0; 0; 0;10; 14; 55; 59;
1604226365;26,18000030517578;25,65999984741211;33,75; 35,370000000000005; 27,28000000000003; 2116;6; 12; 53; 59;
1604226366;26,18000030517578;25,690000534057617;33,960000000000036; 35,53000000000003; 27,689999999999998; 2304;10; 15; 52; 57;
1604226366;26,18000030517578;25,690000534057617;34,29000000000002; 35,68000000000001; 30,730000000000018; 1849;10; 14; 53; 57;
1604226367;26,18000030517578;25,68000030517578;34,410000000000025; 35,85000000000002; 29,360000000000014; 1936;11; 15; 52; 56;
1604226368;26,190000534057617;25,670000076293945;0; 0; 0; 0;11; 15; 52; 56;
1604226369;26,200000762939453;25,670000076293945;34,53000000000003; 36,02000000000004; 30,890000000000043; 1764;10; 13; 57; 60;
1604226371;26,229999542236328;25,670000076293945;0; 0; 0; 0;10; 13; 57; 60;
1604226374;26,260000228881836;25,670000076293945;0; 0; 0; 0;10; 13; 57; 60;
1604226377;26,260000228881836;25,670000076293945;0; 0; 0; 0;10; 13; 57; 60;
1604226380;26,260000228881836;25,670000076293945;0; 0; 0; 0;10; 13; 57; 60;
1604226383;26,260000228881836;25,65999984741211;0; 0; 0; 0;10; 13; 57; 60;
1604226385;26,25;25,690000534057617;33,39000000000004; 35,03000000000003; 27,650000000000034; 2304;11; 15; 57; 61;
1604226386;26,25;25,719999313354492;0; 0; 0; 0;11; 15; 57; 61;
1604226387;26,25;25,719999313354492;33,879999999999995; 35,620000000000005; 27,77000000000004; 2209;9; 14; 57; 62;
1604226388;26,260000228881836;25,709999084472656;33,83000000000004; 35,56; 27,379999999999995; 2401;9; 16; 55; 62;
1604226389;26,280000686645508;25,709999084472656;0; 0; 0; 0;9; 16; 55; 62;
1604226390;26,299999237060547;25,700000762939453;33,85000000000002; 35,58000000000004; 26,78000000000003; 2209;9; 17; 55; 63;
1604226392;26,309999465942383;25,700000762939453;0; 0; 0; 0;9; 17; 55; 63;
1604226395;26,34000015258789;25,700000762939453;0; 0; 0; 0;9; 17; 55; 63;
1604226395;26,34000015258789;25,700000762939453;33,57000000000005; 35,370000000000005; 26,410000000000025; 2209;10; 17; 55; 62;
1604226398;26,360000610351562;25,690000534057617;0; 0; 0; 0;10; 17; 55; 62;
1604226401;26,350000381469727;25,690000534057617;0; 0; 0; 0;10; 17; 55; 62;
1604226404;26,350000381469727;25,68000030517578;0; 0; 0; 0;10; 17; 55; 62;
1604226404;26,34000015258789;25,68000030517578;31,760000000000048; 34,57000000000005; 20,439999999999998; 2116;8; 39; 48; 79;
1604226405;26,34000015258789;25,670000076293945;27,55000000000001; 34,02000000000004; 20,180000000000007; 1681;8; 37; 50; 79;
1604226407;26,309999465942383;25,670000076293945;0; 0; 0; 0;8; 37; 50; 79;
1604226409;26,299999237060547;25,709999084472656;28,58000000000004; 34,450000000000045; 19,78000000000003; 1849;11; 16; 56; 61;
1604226410;26,290000915527344;25,739999771118164;0; 0; 0; 0;11; 16; 56; 61;
1604226412;26,299999237060547;25,729999542236328;33,629999999999995; 35,360000000000014; 26,310000000000002; 2116;12; 17; 55; 60;
1604226413;26,299999237060547;25,729999542236328;0; 0; 0; 0;12; 17; 55; 60;
1604226416;26,329999923706055;25,709999084472656;0; 0; 0; 0;12; 17; 55; 60;
1604226416;26,31999969482422;25,709999084472656;33,81; 35,450000000000045; 27,260000000000048; 1936;12; 16; 57; 61;
1604226419;26,34000015258789;25,700000762939453;0; 0; 0; 0;12; 16; 57; 61;
1604226419;26,350000381469727;25,690000534057617;33,57000000000005; 35,47000000000003; 26,33000000000004; 2116;13; 16; 58; 61;
1604226421;26,350000381469727;25,700000762939453;33,33000000000004; 35,160000000000025; 26,24000000000001; 2116;13; 18; 56; 61;
1604226422;26,34000015258789;25,690000534057617;0; 0; 0; 0;13; 18; 56; 61;
1604226423;26,34000015258789;25,690000534057617;33,31; 35,22000000000003; 26,08000000000004; 1936;13; 18; 56; 61;
1604226424;26,34000015258789;25,68000030517578;33,27000000000004; 35,200000000000045; 25,970000000000027; 1936;13; 17; 56; 60;
1604226425;26,329999923706055;25,68000030517578;0; 0; 0; 0;13; 17; 56; 60;
1604226425;26,329999923706055;25,68000030517578;33,34000000000003; 35,32000000000005; 26,78000000000003; 1936;15; 18; 58; 61;
1604226426;26,31999969482422;25,670000076293945;33,129999999999995; 35,150000000000034; 25,79000000000002; 1936;16; 19; 59; 63;
1604226428;26,309999465942383;25,670000076293945;32,82000000000005; 35,07000000000005; 22,129999999999995; 1980;14; 19; 57; 62;
1604226428;26,309999465942383;25,670000076293945;0; 0; 0; 0;14; 19; 57; 62;
1604226429;26,309999465942383;25,670000076293945;33,05000000000001; 35,07000000000005; 25,720000000000027; 1936;13; 19; 55; 61;
1604226431;26,290000915527344;25,700000762939453;0; 0; 0; 0;13; 19; 55; 61;
1604226431;26,290000915527344;25,709999084472656;33,379999999999995; 35,160000000000025; 26,24000000000001; 1849;12; 16; 59; 63;
1604226432;26,280000686645508;25,729999542236328;33,26000000000005; 35,160000000000025; 24,480000000000018; 2304;12; 16; 59; 64;
1604226433;26,290000915527344;25,729999542236328;33,400000000000034; 35,53000000000003; 21,950000000000045; 2352;12; 17; 58; 63;
1604226434;26,290000915527344;25,719999313354492;0; 0; 0; 0;12; 17; 58; 63;
1604226435;26,299999237060547;25,709999084472656;33,700000000000045; 35,68000000000001; 24,480000000000018; 2209;12; 18; 55; 61;
1604226436;26,309999465942383;25,709999084472656;33,879999999999995; 35,64000000000004; 26,410000000000025; 1936;12; 19; 53; 60;
1604226437;26,31999969482422;25,700000762939453;0; 0; 0; 0;12; 19; 53; 60;
1604226438;26,34000015258789;25,709999084472656;33,910000000000025; 35,79000000000002; 27,77000000000004; 1764;15; 19; 59; 66;
1604226439;26,350000381469727;25,709999084472656;33,170000000000016; 35,64000000000004; 21,430000000000007; 2160;14; 18; 59; 64;
1604226440;26,350000381469727;25,700000762939453;0; 0; 0; 0;14; 18; 59; 64;
1604226442;26,3700008392334;25,709999084472656;33,77000000000004; 35,64000000000004; 26,760000000000048; 2162;14; 15; 59; 64;
1604226443;26,3700008392334;25,709999084472656;0; 0; 0; 0;14; 15; 59; 64;
1604226446;26,3799991607666;25,690000534057617;0; 0; 0; 0;14; 15; 59; 64;
1604226449;26,3700008392334;25,670000076293945;0; 0; 0; 0;14; 15; 59; 64;
1604226452;26,350000381469727;25,65999984741211;0; 0; 0; 0;14; 15; 59; 64;
1604226455;26,31999969482422;25,639999389648438;0; 0; 0; 0;14; 15; 59; 64;
1604226458;26,290000915527344;25,6200008392334;0; 0; 0; 0;14; 15; 59; 64;
1604226459;26,229999542236328;25,65999984741211;32,379999999999995; 34,80000000000001; 21,010000000000048; 2300;12; 20; 59; 67;
1604226461;26,239999771118164;25,68000030517578;0; 0; 0; 0;12; 20; 59; 67;
1604226462;26,25;25,670000076293945;32,410000000000025; 35,47000000000003; 20,879999999999995; 2304;9; 18; 51; 60;
1604226463;26,260000228881836;25,670000076293945;33,80000000000001; 35,64000000000004; 26,970000000000027; 1849;7; 17; 51; 61;
1604226464;26,270000457763672;25,670000076293945;0; 0; 0; 0;7; 17; 51; 61;
1604226467;26,309999465942383;25,670000076293945;0; 0; 0; 0;7; 17; 51; 61;
1604226468;26,31999969482422;25,670000076293945;33,93000000000001; 35,89000000000004; 26,680000000000007; 2025;10; 17; 56; 63;
1604226470;26,329999923706055;25,670000076293945;0; 0; 0; 0;10; 17; 56; 63;
1604226470;26,34000015258789;25,670000076293945;32,47000000000003; 35,700000000000045; 21,04000000000002; 2209;11; 26; 59; 75;
1604226471;26,350000381469727;25,670000076293945;30,32000000000005; 35,09000000000003; 20,77000000000004; 2450;10; 23; 59; 72;
1604226473;26,350000381469727;25,68000030517578;0; 0; 0; 0;10; 23; 59; 72;
1604226474;26,350000381469727;25,670000076293945;30,810000000000002; 35,09000000000003; 20,660000000000025; 2500;9; 23; 57; 71;
1604226476;26,350000381469727;25,670000076293945;0; 0; 0; 0;9; 23; 57; 71;
1604226479;26,329999923706055;25,65999984741211;0; 0; 0; 0;9; 23; 57; 71;
1604226482;26,309999465942383;25,649999618530273;0; 0; 0; 0;9; 23; 57; 71;
1604226485;26,290000915527344;25,639999389648438;0; 0; 0; 0;9; 23; 57; 71;
1604226488;26,260000228881836;25,6200008392334;0; 0; 0; 0;9; 23; 57; 71;
1604226491;26,229999542236328;25,65999984741211;0; 0; 0; 0;9; 23; 57; 71;
1604226491;26,229999542236328;25,670000076293945;31,27000000000004; 35,150000000000034; 20,220000000000027; 2401;13; 20; 59; 69;
1604226494;26,239999771118164;25,68000030517578;0; 0; 0; 0;13; 20; 59; 69;
1604226497;26,280000686645508;25,670000076293945;0; 0; 0; 0;13; 20; 59; 69;
1604226500;26,309999465942383;25,68000030517578;0; 0; 0; 0;13; 20; 59; 69;
1604226503;26,350000381469727;25,690000534057617;0; 0; 0; 0;13; 20; 59; 69;
1604226506;26,329999923706055;25,68000030517578;0; 0; 0; 0;13; 20; 59; 69;
1604226509;26,299999237060547;25,670000076293945;0; 0; 0; 0;13; 20; 59; 69;
1604226635;25,3700008392334;24,989999771118164;0; 0; 0; 0;13; 20; 59; 69;
1604226638;25,34000015258789;24,959999084472656;0; 0; 0; 0;13; 20; 59; 69;
1604226641;25,309999465942383;24,940000534057617;0; 0; 0; 0;13; 20; 59; 69;
1604226644;25,270000457763672;24,93000030517578;0; 0; 0; 0;13; 20; 59; 69;
1604226647;25,260000228881836;24,90999984741211;0; 0; 0; 0;13; 20; 59; 69;
1604226650;25,270000457763672;24,950000762939453;0; 0; 0; 0;13; 20; 59; 69;
1604226650;25,260000228881836;24,959999084472656;32,629999999999995; 35,57000000000005; 20,79000000000002; 2350;12; 15; 59; 65;
1604226653;25,299999237060547;24,989999771118164;0; 0; 0; 0;12; 15; 59; 65;
1604226655;25,360000610351562;24,989999771118164;33,97000000000003; 36,09000000000003; 22,390000000000043; 2448;10; 13; 59; 68;
1604226656;25,3799991607666;25,0;0; 0; 0; 0;10; 13; 59; 68;
1604226656;25,3799991607666;24,989999771118164;33,5; 36,07000000000005; 21,470000000000027; 2800;10; 13; 59; 69;
1604226657;25,40999984741211;25,0;33,360000000000014; 36,02000000000004; 21,470000000000027; 2850;10; 13; 59; 69;
1604226657;25,43000030517578;25,010000228881836;33,43000000000001; 35,960000000000036; 21,640000000000043; 2850;10; 13; 59; 68;
1604226658;25,459999084472656;25,020000457763672;33,58000000000004; 36,28000000000003; 21,640000000000043; 2800;13; 12; 59; 73;
1604226659;25,469999313354492;25,030000686645508;0; 0; 0; 0;13; 12; 59; 73;
1604226659;25,469999313354492;25,030000686645508;33,06; 36,07000000000005; 21,510000000000048; 2914;13; 13; 59; 70;
1604226662;25,549999237060547;25,049999237060547;0; 0; 0; 0;13; 13; 59; 70;
1604226664;25,59000015258789;25,06999969482422;33,620000000000005; 36,05000000000001; 21,860000000000014; 2726;14; 10; 59; 71;
1604226665;25,610000610351562;25,079999923706055;0; 0; 0; 0;14; 10; 59; 71;
1604226665;25,610000610351562;25,079999923706055;33,57000000000005; 35,98000000000002; 21,860000000000014; 2852;8; 8; 59; 73;
1604226666;25,6200008392334;25,079999923706055;33,18000000000001; 35,920000000000016; 21,590000000000032; 3432;9; 8; 59; 73;
1604226667;25,649999618530273;25,09000015258789;33,129999999999995; 35,80000000000001; 21,510000000000048; 3366;9; 8; 59; 73;
1604226668;25,65999984741211;25,100000381469727;0; 0; 0; 0;9; 8; 59; 73;
1604226671;25,700000762939453;25,15999984741211;0; 0; 0; 0;9; 8; 59; 73;
1604226671;25,700000762939453;25,170000076293945;30,460000000000036; 34,75; 19,860000000000014; 3366;10; 14; 59; 74;
1604226674;25,700000762939453;25,209999084472656;0; 0; 0; 0;10; 14; 59; 74;
1604226677;25,780000686645508;25,219999313354492;0; 0; 0; 0;10; 14; 59; 74;
1604226679;25,829999923706055;25,239999771118164;32,450000000000045; 35,57000000000005; 21,220000000000027; 3050;14; 10; 59; 65;
1604226680;25,84000015258789;25,239999771118164;0; 0; 0; 0;14; 10; 59; 65;
1604226680;25,850000381469727;25,239999771118164;33,79000000000002; 35,710000000000036; 25,78000000000003; 2576;12; 9; 59; 67;
1604226681;25,8700008392334;25,25;33,52000000000004; 35,629999999999995; 21,680000000000007; 2832;13; 9; 59; 67;
1604226682;25,8799991607666;25,260000228881836;33,48000000000002; 35,5; 21,75; 2773;12; 10; 59; 67;
1604226682;25,889999389648438;25,260000228881836;33,620000000000005; 35,57000000000005; 22,220000000000027; 2784;13; 10; 59; 66;
1604226683;25,889999389648438;25,260000228881836;0; 0; 0; 0;13; 10; 59; 66;
1604226683;25,899999618530273;25,270000457763672;33,879999999999995; 35,710000000000036; 24,400000000000034; 2679;12; 9; 59; 67;
1604226685;25,90999984741211;25,280000686645508;33,82000000000005; 35,75; 22,33000000000004; 2832;13; 10; 59; 67;
1604226686;25,90999984741211;25,280000686645508;0; 0; 0; 0;13; 10; 59; 67;
1604226689;25,93000030517578;25,299999237060547;0; 0; 0; 0;13; 10; 59; 67;
1604226690;25,940000534057617;25,299999237060547;33,52000000000004; 35,47000000000003; 21,890000000000043; 2726;11; 9; 59; 68;
1604226693;25,940000534057617;25,360000610351562;0; 0; 0; 0;11; 9; 59; 68;
1604226693;25,940000534057617;25,3700008392334;32,950000000000045; 35,160000000000025; 20,890000000000043; 2940;13; 10; 59; 69;
1604226694;25,959999084472656;25,399999618530273;33,18000000000001; 35,47000000000003; 21,200000000000045; 2820;12; 9; 59; 68;
1604226696;25,979999542236328;25,399999618530273;0; 0; 0; 0;12; 9; 59; 68;
1604226696;25,979999542236328;25,40999984741211;33,39000000000004; 35,58000000000004; 21,180000000000007; 2880;13; 11; 59; 68;
1604226698;26,040000915527344;25,420000076293945;33,85000000000002; 35,72000000000003; 27,49000000000001; 2726;10; 8; 59; 71;
1604226699;26,040000915527344;25,420000076293945;0; 0; 0; 0;10; 8; 59; 71;
1604226702;26,100000381469727;25,43000030517578;0; 0; 0; 0;10; 8; 59; 71;
1604226703;26,110000610351562;25,440000534057617;33,170000000000016; 35,870000000000005; 21,060000000000002; 3200;13; 9; 59; 74;
1604226705;26,1299991607666;25,450000762939453;0; 0; 0; 0;13; 9; 59; 74;
1604226708;26,15999984741211;25,450000762939453;0; 0; 0; 0;13; 9; 59; 74;
1604226708;26,15999984741211;25,459999084472656;31,80000000000001; 35,18000000000001; 20,640000000000043; 3102;11; 14; 59; 78;
1604226711;26,18000030517578;25,469999313354492;0; 0; 0; 0;11; 14; 59; 78;
1604226711;26,18000030517578;25,479999542236328;31,110000000000014; 35,129999999999995; 20,420000000000016; 3185;10; 15; 59; 74;
1604226714;26,190000534057617;25,540000915527344;0; 0; 0; 0;10; 15; 59; 74;
1604226714;26,190000534057617;25,540000915527344;31,30000000000001; 35,110000000000014; 19,870000000000005; 3000;9; 13; 59; 73;
1604226716;26,209999084472656;25,56999969482422;31,920000000000016; 35,18000000000001; 20,439999999999998; 3111;7; 12; 59; 73;
1604226717;26,219999313354492;25,579999923706055;0; 0; 0; 0;7; 12; 59; 73;
1604226717;26,229999542236328;25,579999923706055;32,05000000000001; 35,26000000000005; 20,439999999999998; 3286;8; 13; 59; 73;
1604226718;26,239999771118164;25,579999923706055;32,04000000000002; 35,30000000000001; 20,53000000000003; 3172;9; 12; 59; 75;
1604226719;26,25;25,579999923706055;31,810000000000002; 35,360000000000014; 20,600000000000023; 3264;9; 13; 59; 74;
1604226720;26,270000457763672;25,59000015258789;0; 0; 0; 0;9; 13; 59; 74;
1604226721;26,299999237060547;25,600000381469727;31,83000000000004; 35,32000000000005; 20,400000000000034; 3162;11; 14; 59; 74;
1604226722;26,309999465942383;25,600000381469727;31,930000000000007; 35,55000000000001; 20,600000000000023; 2989;10; 15; 59; 75;
1604226723;26,329999923706055;25,610000610351562;0; 0; 0; 0;10; 15; 59; 75;
1604226723;26,329999923706055;25,610000610351562;31,710000000000036; 35,360000000000014; 20,600000000000023; 3050;9; 12; 59; 77;
1604226724;26,34000015258789;25,610000610351562;31,620000000000005; 35,660000000000025; 20,730000000000018; 3366;11; 14; 59; 74;
1604226725;26,360000610351562;25,6299991607666;31,840000000000032; 35,24000000000001; 20,660000000000025; 2989;11; 16; 59; 74;
1604226726;26,360000610351562;25,639999389648438;0; 0; 0; 0;11; 16; 59; 74;
1604226726;26,360000610351562;25,639999389648438;31,80000000000001; 35,49000000000001; 20,77000000000004; 2891;8; 13; 59; 75;
1604226729;26,3799991607666;25,65999984741211;0; 0; 0; 0;8; 13; 59; 75;
1604226732;26,3799991607666;25,649999618530273;0; 0; 0; 0;8; 13; 59; 75;
1604226735;26,3700008392334;25,649999618530273;0; 0; 0; 0;8; 13; 59; 75;
1604226738;26,350000381469727;25,649999618530273;0; 0; 0; 0;8; 13; 59; 75;
1604226741;26,31999969482422;25,639999389648438;0; 0; 0; 0;8; 13; 59; 75;
1604226744;26,299999237060547;25,6299991607666;0; 0; 0; 0;8; 13; 59; 75;
1604226747;26,270000457763672;25,6200008392334;0; 0; 0; 0;8; 13; 59; 75;
1604226750;26,25;25,610000610351562;0; 0; 0; 0;8; 13; 59; 75;
1604226753;26,209999084472656;25,600000381469727;0; 0; 0; 0;8; 13; 59; 75;
1604226756;26,200000762939453;25,59000015258789;0; 0; 0; 0;8; 13; 59; 75;
1604226759;26,170000076293945;25,579999923706055;0; 0; 0; 0;8; 13; 59; 75;
1604226881;25,229999542236328;24,84000015258789;0; 0; 0; 0;8; 13; 59; 75;
1604226884;25,229999542236328;24,850000381469727;0; 0; 0; 0;8; 13; 59; 75;
1604226887;25,18000030517578;24,850000381469727;0; 0; 0; 0;8; 13; 59; 75;
1604226890;25,209999084472656;24,850000381469727;0; 0; 0; 0;8; 13; 59; 75;
1604226893;25,209999084472656;24,84000015258789;0; 0; 0; 0;8; 13; 59; 75;
1604226896;25,219999313354492;24,850000381469727;0; 0; 0; 0;8; 13; 59; 75;
1604226899;25,260000228881836;24,920000076293945;0; 0; 0; 0;8; 13; 59; 75;
1604226902;25,34000015258789;24,920000076293945;0; 0; 0; 0;8; 13; 59; 75;
1604226905;25,43000030517578;24,950000762939453;0; 0; 0; 0;8; 13; 59; 75;
1604226908;25,510000228881836;24,989999771118164;0; 0; 0; 0;8; 13; 59; 75;
1604226911;25,549999237060547;25,0;0; 0; 0; 0;8; 13; 59; 75;
1604226914;25,59000015258789;25,020000457763672;0; 0; 0; 0;8; 13; 59; 75;
1604226917;25,59000015258789;25,030000686645508;0; 0; 0; 0;8; 13; 59; 75;
1604226920;25,600000381469727;25,030000686645508;0; 0; 0; 0;8; 13; 59; 75;
1604226923;25,59000015258789;25,030000686645508;0; 0; 0; 0;8; 13; 59; 75;
1604226926;25,579999923706055;25,020000457763672;0; 0; 0; 0;8; 13; 59; 75;
1604226929;25,579999923706055;25,010000228881836;0; 0; 0; 0;8; 13; 59; 75;
1604226932;25,559999465942383;25,0;0; 0; 0; 0;8; 13; 59; 75;
1604226935;25,530000686645508;24,989999771118164;0; 0; 0; 0;8; 13; 59; 75;
1604226938;25,520000457763672;24,979999542236328;0; 0; 0; 0;8; 13; 59; 75;
1604226941;25,510000228881836;24,969999313354492;0; 0; 0; 0;8; 13; 59; 75;
1604226944;25,5;24,969999313354492;0; 0; 0; 0;8; 13; 59; 75;
1604226947;25,479999542236328;24,959999084472656;0; 0; 0; 0;8; 13; 59; 75;
1604226949;25,469999313354492;25,030000686645508;31,670000000000016; 35,670000000000016; 20,99000000000001; 3276;16; 12; 59; 75;
1604226951;25,489999771118164;25,049999237060547;0; 0; 0; 0;16; 12; 59; 75;
1604226954;25,540000915527344;25,049999237060547;0; 0; 0; 0;16; 12; 59; 75;
1604226957;25,610000610351562;25,049999237060547;0; 0; 0; 0;16; 12; 59; 75;
1604226960;25,65999984741211;25,049999237060547;0; 0; 0; 0;16; 12; 59; 75;
1604226963;25,690000534057617;25,049999237060547;0; 0; 0; 0;16; 12; 59; 75;
1604226966;25,719999313354492;25,049999237060547;0; 0; 0; 0;16; 12; 59; 75;
1604226969;25,729999542236328;25,06999969482422;0; 0; 0; 0;16; 12; 59; 75;
1604226972;25,739999771118164;25,079999923706055;0; 0; 0; 0;16; 12; 59; 75;
1604226975;25,75;25,079999923706055;0; 0; 0; 0;16; 12; 59; 75;
1604226978;25,75;25,079999923706055;0; 0; 0; 0;16; 12; 59; 75;
1604226981;25,75;25,09000015258789;0; 0; 0; 0;16; 12; 59; 75;
1604226984;25,75;25,09000015258789;0; 0; 0; 0;16; 12; 59; 75;
1604226987;25,739999771118164;25,100000381469727;0; 0; 0; 0;16; 12; 59; 75;
1604226990;25,719999313354492;25,100000381469727;0; 0; 0; 0;16; 12; 59; 75;
1604226993;25,719999313354492;25,09000015258789;0; 0; 0; 0;16; 12; 59; 75;
1604226997;25,700000762939453;25,1299991607666;0; 0; 0; 0;16; 12; 59; 75;
1604226997;25,700000762939453;25,1299991607666;31,110000000000014; 35,120000000000005; 20,30000000000001; 2816;16; 18; 59; 68;
1604227000;25,719999313354492;25,170000076293945;0; 0; 0; 0;16; 18; 59; 68;
1604227003;25,780000686645508;25,170000076293945;0; 0; 0; 0;16; 18; 59; 68;
1604227003;25,790000915527344;25,170000076293945;32,35000000000002; 35,52000000000004; 21,160000000000025; 2244;18; 21; 59; 70;
1604227006;25,829999923706055;25,190000534057617;0; 0; 0; 0;18; 21; 59; 70;
1604227007;25,850000381469727;25,190000534057617;32,07000000000005; 35,379999999999995; 21,220000000000027; 2100;13; 17; 59; 67;
1604227009;25,8799991607666;25,200000762939453;0; 0; 0; 0;13; 17; 59; 67;
1604227011;25,899999618530273;25,219999313354492;32,29000000000002; 35,59000000000003; 21,29000000000002; 2397;16; 20; 59; 70;
1604227014;25,90999984741211;25,219999313354492;0; 0; 0; 0;16; 20; 59; 70;
1604227017;25,90999984741211;25,280000686645508;0; 0; 0; 0;16; 20; 59; 70;
1604227017;25,90999984741211;25,280000686645508;31,260000000000048; 34,900000000000034; 20,450000000000045; 2244;16; 18; 59; 69;
1604227020;25,93000030517578;25,309999465942383;0; 0; 0; 0;16; 18; 59; 69;
1604227023;25,969999313354492;25,309999465942383;0; 0; 0; 0;16; 18; 59; 69;
1604227026;26,0;25,309999465942383;0; 0; 0; 0;16; 18; 59; 69;
1604227029;26,030000686645508;25,31999969482422;0; 0; 0; 0;16; 18; 59; 69;
1604227032;26,030000686645508;25,31999969482422;0; 0; 0; 0;16; 18; 59; 69;
1604227035;26,020000457763672;25,309999465942383;0; 0; 0; 0;16; 18; 59; 69;
1604227038;26,010000228881836;25,309999465942383;0; 0; 0; 0;16; 18; 59; 69;
1604227040;26,0;25,360000610351562;32,64000000000004; 35,55000000000001; 21,090000000000032; 2288;12; 9; 59; 75;
1604227042;26,020000457763672;25,389999389648438;0; 0; 0; 0;12; 9; 59; 75;
1604227044;26,040000915527344;25,3799991607666;32,33000000000004; 35,83000000000004; 21,150000000000034; 3216;10; 11; 59; 75;
1604227046;26,079999923706055;25,389999389648438;0; 0; 0; 0;10; 11; 59; 75;
1604227049;26,110000610351562;25,399999618530273;0; 0; 0; 0;10; 11; 59; 75;
1604227052;26,1299991607666;25,40999984741211;0; 0; 0; 0;10; 11; 59; 75;
1604227055;26,149999618530273;25,40999984741211;0; 0; 0; 0;10; 11; 59; 75;
1604227058;26,149999618530273;25,40999984741211;0; 0; 0; 0;10; 11; 59; 75;
1604227058;26,149999618530273;25,40999984741211;31,700000000000045; 35,34000000000003; 20,710000000000036; 3250;5; 11; 59; 74;
1604227061;26,149999618530273;25,399999618530273;0; 0; 0; 0;5; 11; 59; 74;
1604227062;26,1299991607666;25,459999084472656;31,33000000000004; 34,97000000000003; 19,920000000000016; 3520;3; 9; 59; 74;
1604227064;26,149999618530273;25,5;0; 0; 0; 0;3; 9; 59; 74;
1604227067;26,170000076293945;25,5;0; 0; 0; 0;3; 9; 59; 74;
1604227070;26,219999313354492;25,510000228881836;0; 0; 0; 0;3; 9; 59; 74;
1604227073;26,260000228881836;25,510000228881836;0; 0; 0; 0;3; 9; 59; 74;
1604227076;26,280000686645508;25,520000457763672;0; 0; 0; 0;3; 9; 59; 74;
1604227079;26,270000457763672;25,520000457763672;0; 0; 0; 0;3; 9; 59; 74;
1604227082;26,260000228881836;25,520000457763672;0; 0; 0; 0;3; 9; 59; 74;
1604227085;26,239999771118164;25,510000228881836;0; 0; 0; 0;3; 9; 59; 74;
1604227088;26,209999084472656;25,489999771118164;0; 0; 0; 0;3; 9; 59; 74;
1604227091;26,18000030517578;25,469999313354492;0; 0; 0; 0;3; 9; 59; 74;
1604227094;26,139999389648438;25,489999771118164;0; 0; 0; 0;3; 9; 59; 74;
1604227094;26,139999389648438;25,5;30,840000000000032; 35,53000000000003; 20,340000000000032; 3762;10; 17; 59; 72;
1604227097;26,1299991607666;25,520000457763672;0; 0; 0; 0;10; 17; 59; 72;
1604227100;26,15999984741211;25,510000228881836;0; 0; 0; 0;10; 17; 59; 72;
1604227103;26,190000534057617;25,510000228881836;0; 0; 0; 0;10; 17; 59; 72;
1604227104;26,209999084472656;25,510000228881836;33,48000000000002; 36,120000000000005; 21,80000000000001; 2800;9; 6; 59; 70;
1604227107;26,219999313354492;25,510000228881836;0; 0; 0; 0;9; 6; 59; 70;
1604227110;26,229999542236328;25,510000228881836;0; 0; 0; 0;9; 6; 59; 70;
1604227113;26,229999542236328;25,510000228881836;0; 0; 0; 0;9; 6; 59; 70;
1604227116;26,209999084472656;25,5;0; 0; 0; 0;9; 6; 59; 70;
1604227119;26,200000762939453;25,489999771118164;0; 0; 0; 0;9; 6; 59; 70;
1604227122;26,18000030517578;25,479999542236328;0; 0; 0; 0;9; 6; 59; 70;
1604227125;26,15999984741211;25,459999084472656;0; 0; 0; 0;9; 6; 59; 70;
1604227128;26,1299991607666;25,5;0; 0; 0; 0;9; 6; 59; 70;
1604227128;26,1200008392334;25,510000228881836;33,110000000000014; 35,47000000000003; 20,77000000000004; 3315;12; 10; 59; 69;
1604227131;26,1299991607666;25,520000457763672;0; 0; 0; 0;12; 10; 59; 69;
1604227134;26,15999984741211;25,520000457763672;0; 0; 0; 0;12; 10; 59; 69;
1604227137;26,200000762939453;25,530000686645508;0; 0; 0; 0;12; 10; 59; 69;
1604227140;26,229999542236328;25,540000915527344;0; 0; 0; 0;12; 10; 59; 69;
1604227252;25,68000030517578;25,200000762939453;0; 0; 0; 0;12; 10; 59; 69;
1604227255;25,68000030517578;25,200000762939453;0; 0; 0; 0;12; 10; 59; 69;
1604227258;25,670000076293945;25,200000762939453;0; 0; 0; 0;12; 10; 59; 69;
1604227261;25,65999984741211;25,200000762939453;0; 0; 0; 0;12; 10; 59; 69;
1604227264;25,65999984741211;25,190000534057617;0; 0; 0; 0;12; 10; 59; 69;
1604227265;25,65999984741211;25,239999771118164;33,610000000000014; 35,33000000000004; 26,460000000000036; 2880;11; 2; 59; 70;
1604227267;25,68000030517578;25,270000457763672;0; 0; 0; 0;11; 2; 59; 70;
1604227270;25,739999771118164;25,270000457763672;0; 0; 0; 0;11; 2; 59; 70;
1604227273;25,809999465942383;25,299999237060547;0; 0; 0; 0;11; 2; 59; 70;
1604227276;25,8799991607666;25,309999465942383;0; 0; 0; 0;11; 2; 59; 70;
1604227279;25,920000076293945;25,31999969482422;0; 0; 0; 0;11; 2; 59; 70;
1604227282;25,940000534057617;25,34000015258789;0; 0; 0; 0;11; 2; 59; 70;
1604227285;25,950000762939453;25,34000015258789;0; 0; 0; 0;11; 2; 59; 70;
1604227288;25,940000534057617;25,329999923706055;0; 0; 0; 0;11; 2; 59; 70;
1604227291;25,93000030517578;25,31999969482422;0; 0; 0; 0;11; 2; 59; 70;
1604227294;25,920000076293945;25,3700008392334;0; 0; 0; 0;11; 2; 59; 70;
1604227294;25,920000076293945;25,3700008392334;33,26000000000005; 35,44; 21,629999999999995; 3381;21; 2; 59; 79;
1604227298;25,959999084472656;25,399999618530273;0; 0; 0; 0;21; 2; 59; 79;
1604227300;25,989999771118164;25,399999618530273;33,10000000000002; 36,0; 21,480000000000018; 3042;21; 4; 59; 78;
1604227304;26,059999465942383;25,420000076293945;0; 0; 0; 0;21; 4; 59; 78;
1604227305;26,06999969482422;25,420000076293945;32,93000000000001; 35,72000000000003; 21,360000000000014; 2925;11; 5; 59; 75;
1604227307;26,100000381469727;25,43000030517578;0; 0; 0; 0;11; 5; 59; 75;
1604227310;26,110000610351562;25,43000030517578;0; 0; 0; 0;11; 5; 59; 75;
1604227313;26,1200008392334;25,440000534057617;0; 0; 0; 0;11; 5; 59; 75;
1604227316;26,110000610351562;25,440000534057617;0; 0; 0; 0;11; 5; 59; 75;
1604227319;26,100000381469727;25,43000030517578;0; 0; 0; 0;11; 5; 59; 75;
1604227322;26,079999923706055;25,420000076293945;0; 0; 0; 0;11; 5; 59; 75;
1604227325;26,059999465942383;25,420000076293945;0; 0; 0; 0;11; 5; 59; 75;
1604227328;26,040000915527344;25,40999984741211;0; 0; 0; 0;11; 5; 59; 75;
1604227331;26,030000686645508;25,399999618530273;0; 0; 0; 0;11; 5; 59; 75;
1604227334;26,0;25,399999618530273;0; 0; 0; 0;11; 5; 59; 75;
1604227337;25,989999771118164;25,389999389648438;0; 0; 0; 0;11; 5; 59; 75;
1604227340;25,979999542236328;25,3700008392334;0; 0; 0; 0;11; 5; 59; 75;
1604227342;25,969999313354492;25,40999984741211;31,52000000000004; 35,18000000000001; 20,5; 3479;0; 11; 53; 64;
1604227347;26,0;25,43000030517578;0; 0; 0; 0;0; 11; 53; 64;
1604227350;26,059999465942383;25,450000762939453;0; 0; 0; 0;0; 11; 53; 64;
1604227351;26,09000015258789;25,450000762939453;34,670000000000016; 36,58000000000004; 32,33000000000004; 2916;0; 0; 59; 79;
1604227352;26,100000381469727;25,450000762939453;33,35000000000002; 36,5; 21,74000000000001; 4800;0; 0; 59; 79;
1604227360;26,18000030517578;25,469999313354492;0; 0; 0; 0;0; 0; 59; 79;
1604227361;26,18000030517578;25,479999542236328;0; 0; 0; 0;0; 0; 59; 79;
1604227364;26,18000030517578;25,469999313354492;0; 0; 0; 0;0; 0; 59; 79;
1604227367;26,170000076293945;25,469999313354492;0; 0; 0; 0;0; 0; 59; 79;
1604227370;26,15999984741211;25,520000457763672;0; 0; 0; 0;0; 0; 59; 79;
1604227370;26,149999618530273;25,530000686645508;32,120000000000005; 35,370000000000005; 20,07000000000005; 4800;0; 0; 59; 79;
1604227374;26,190000534057617;25,540000915527344;0; 0; 0; 0;0; 0; 59; 79;
1604227376;26,229999542236328;25,540000915527344;32,83000000000004; 35,77000000000004; 20,58000000000004; 4800;3; 0; 59; 79;
1604227381;26,280000686645508;25,559999465942383;0; 0; 0; 0;3; 0; 59; 79;
1604227382;26,280000686645508;25,56999969482422;32,49000000000001; 35,620000000000005; 20,400000000000034; 4560;0; 0; 59; 79;
1604227384;26,290000915527344;25,56999969482422;0; 0; 0; 0;0; 0; 59; 79;
1604227385;26,299999237060547;25,56999969482422;31,970000000000027; 35,51000000000005; 20,379999999999995; 4800;0; 0; 59; 79;
1604227389;26,299999237060547;25,579999923706055;0; 0; 0; 0;0; 0; 59; 79;
1604227392;26,299999237060547;25,579999923706055;0; 0; 0; 0;0; 0; 59; 79;
1604227394;26,280000686645508;25,6200008392334;31,700000000000045; 35,410000000000025; 20,07000000000005; 4800;0; 0; 59; 79;
1604227402;26,360000610351562;25,649999618530273;0; 0; 0; 0;0; 0; 59; 79;
1604227402;26,360000610351562;25,649999618530273;0; 0; 0; 0;0; 0; 59; 79;
1604227404;26,3700008392334;25,649999618530273;32,60000000000002; 35,910000000000025; 21,340000000000032; 4800;7; 0; 59; 79;
1604227408;26,3799991607666;25,649999618530273;0; 0; 0; 0;7; 0; 59; 79;
1604227410;26,3799991607666;25,649999618530273;32,59000000000003; 35,85000000000002; 21,120000000000005; 4240;5; 0; 59; 79;
1604227418;26,329999923706055;25,6200008392334;0; 0; 0; 0;5; 0; 59; 79;
1604227423;26,309999465942383;25,610000610351562;0; 0; 0; 0;5; 0; 59; 79;
1604227427;26,280000686645508;25,59000015258789;0; 0; 0; 0;5; 0; 59; 79;
1604227427;26,280000686645508;25,59000015258789;0; 0; 0; 0;5; 0; 59; 79;
1604227430;26,260000228881836;25,639999389648438;0; 0; 0; 0;5; 0; 59; 79;
1604227430;26,260000228881836;25,639999389648438;32,43000000000001; 35,410000000000025; 20,220000000000027; 4400;0; 0; 59; 79;
1604227431;26,260000228881836;25,670000076293945;32,700000000000045; 35,79000000000002; 20,510000000000048; 4800;8; 1; 59; 79;
1604227440;26,3700008392334;25,670000076293945;0; 0; 0; 0;8; 1; 59; 79;
1604227444;26,389999389648438;25,670000076293945;0; 0; 0; 0;8; 1; 59; 79;
1604227448;26,3799991607666;25,670000076293945;0; 0; 0; 0;8; 1; 59; 79;
1604227449;26,3799991607666;25,670000076293945;0; 0; 0; 0;8; 1; 59; 79;
1604227451;26,3799991607666;25,670000076293945;0; 0; 0; 0;8; 1; 59; 79;
1604227454;26,360000610351562;25,670000076293945;0; 0; 0; 0;8; 1; 59; 79;
1604227457;26,34000015258789;25,700000762939453;0; 0; 0; 0;8; 1; 59; 79;
1604227457;26,34000015258789;25,700000762939453;32,23000000000002; 35,43000000000001; 20,180000000000007; 4108;6; 1; 59; 79;
1604227459;26,34000015258789;25,739999771118164;32,56; 35,68000000000001; 20,510000000000048; 4266;1; 0; 59; 79;
1604227464;26,399999618530273;25,729999542236328;0; 0; 0; 0;1; 0; 59; 79;
1604227465;26,40999984741211;25,739999771118164;33,03000000000003; 35,97000000000003; 20,900000000000034; 4720;0; 0; 59; 79;
1604227469;26,450000762939453;25,709999084472656;0; 0; 0; 0;0; 0; 59; 79;
1604227471;26,450000762939453;25,719999313354492;32,73000000000002; 35,64000000000004; 20,730000000000018; 4800;5; 0; 59; 79;
1604227471;26,450000762939453;25,709999084472656;32,650000000000034; 35,54000000000002; 20,439999999999998; 4400;0; 0; 59; 79;
1604227476;26,440000534057617;25,690000534057617;0; 0; 0; 0;0; 0; 59; 79;
1604227479;26,40999984741211;25,68000030517578;0; 0; 0; 0;0; 0; 59; 79;
1604227482;26,389999389648438;25,670000076293945;0; 0; 0; 0;0; 0; 59; 79;
1604227485;26,360000610351562;25,649999618530273;0; 0; 0; 0;0; 0; 59; 79;
1604227488;26,329999923706055;25,639999389648438;0; 0; 0; 0;0; 0; 59; 79;
1604227491;26,309999465942383;25,6200008392334;0; 0; 0; 0;0; 0; 59; 79;
1604227494;26,280000686645508;25,600000381469727;0; 0; 0; 0;0; 0; 59; 79;
1604227497;26,239999771118164;25,59000015258789;0; 0; 0; 0;0; 0; 59; 79;
1604227500;26,200000762939453;25,559999465942383;0; 0; 0; 0;0; 0; 59; 79;
1604227503;26,15999984741211;25,540000915527344;0; 0; 0; 0;0; 0; 59; 79;
1604227506;26,110000610351562;25,520000457763672;0; 0; 0; 0;0; 0; 59; 79;
1604227509;26,079999923706055;25,5;0; 0; 0; 0;0; 0; 59; 79;
1604227512;26,040000915527344;25,479999542236328;0; 0; 0; 0;0; 0; 59; 79;
1604227515;26,0;25,459999084472656;0; 0; 0; 0;0; 0; 59; 79;
1604227518;25,959999084472656;25,440000534057617;0; 0; 0; 0;0; 0; 59; 79;
1604227521;25,93000030517578;25,420000076293945;0; 0; 0; 0;0; 0; 59; 79;
1604227524;25,899999618530273;25,399999618530273;0; 0; 0; 0;0; 0; 59; 79;
1604227527;25,8799991607666;25,389999389648438;0; 0; 0; 0;0; 0; 59; 79;
1604227530;25,850000381469727;25,3799991607666;0; 0; 0; 0;0; 0; 59; 79;
