1606258230;Forehead;31,079999923706055;31,020000457763672;21,82000000000005; 31,460000000000036; 20,05000000000001; 682;4; 12; 34; 33;array[32,240814]; dtype=float32; array[11,074275]; dtype=float32; array[7,0591755]; dtype=float32; array[6,6726885]; dtype=float32;
1606258237;Forehead;31,190000534057617;31,049999237060547;23,470000000000027; 33,370000000000005; 21,620000000000005; 682;4; 12; 34; 33;array[33,006264]; dtype=float32; array[11,112858]; dtype=float32; array[6,6339226]; dtype=float32; array[6,8482857]; dtype=float32;
1606258687;Forehead;30,709999084472656;30,760000228881836;21,620000000000005; 32,05000000000001; 19,640000000000043; 682;4; 12; 34; 33;array[14,86492]; dtype=float32; array[31,737259]; dtype=float32; array[7,654527]; dtype=float32; array[6,321495]; dtype=float32;
1606258697;Forehead;30,8799991607666;30,809999465942383;22,74000000000001; 24,200000000000045; 20,910000000000025; 682;4; 12; 34; 33;array[63,171528]; dtype=float32; array[32,55616]; dtype=float32; array[9,015331]; dtype=float32; array[8,077465]; dtype=float32;
1606258708;Forehead;30,950000762939453;30,8799991607666;20,879999999999995; 22,220000000000027; 19,189999999999998; 682;4; 12; 34; 33;array[58,508495]; dtype=float32; array[37,691788]; dtype=float32; array[8,419979]; dtype=float32; array[7,901867]; dtype=float32;
1606258729;Forehead;31,110000610351562;30,979999542236328;20,83000000000004; 22,180000000000007; 19,28000000000003; 682;4; 12; 34; 33;array[55,197426]; dtype=float32; array[39,699738]; dtype=float32; array[8,164829]; dtype=float32; array[7,199478]; dtype=float32;
1606258746;Forehead;31,239999771118164;31,010000228881836;21,30000000000001; 22,680000000000007; 19,670000000000016; 682;4; 12; 34; 33;array[58,092667]; dtype=float32; array[10,655347]; dtype=float32; array[7,9096775]; dtype=float32; array[7,199481]; dtype=float32;
1606258752;Forehead;31,209999084472656;31,059999465942383;21,260000000000048; 22,640000000000043; 19,49000000000001; 682;4; 12; 34; 33;array[55,791885]; dtype=float32; array[8,986782]; dtype=float32; array[8,3349285]; dtype=float32; array[7,19948]; dtype=float32;
1606258761;Forehead;31,290000915527344;31,079999923706055;21,670000000000016; 23,08000000000004; 19,890000000000043; 682;4; 12; 34; 33;array[53,32985]; dtype=float32; array[10,523061]; dtype=float32; array[7,2292747]; dtype=float32; array[6,6726885]; dtype=float32;
1606258772;Forehead;31,309999465942383;31,079999923706055;21,120000000000005; 22,49000000000001; 19,340000000000032; 682;4; 12; 34; 33;array[55,03135]; dtype=float32; array[10,7537775]; dtype=float32; array[7,2292767]; dtype=float32; array[6,6726885]; dtype=float32;
1606258784;Forehead;31,219999313354492;31,110000610351562;20,850000000000023; 22,180000000000007; 19,27000000000004; 682;4; 12; 34; 33;array[54,86174]; dtype=float32; array[10,923862]; dtype=float32; array[7,2292767]; dtype=float32; array[6,6726894]; dtype=float32;
1606258801;Forehead;31,329999923706055;31,110000610351562;21,310000000000002; 22,680000000000007; 19,689999999999998; 682;4; 12; 34; 33;array[50,53154]; dtype=float32; array[13,453093]; dtype=float32; array[6,123621]; dtype=float32; array[5,9703007]; dtype=float32;
1606258808;Forehead;31,290000915527344;31,170000076293945;23,970000000000027; 31,879999999999995; 19,420000000000016; 682;4; 12; 34; 33;array[54,101685]; dtype=float32; array[12,833383]; dtype=float32; array[7,144224]; dtype=float32; array[6,4970922]; dtype=float32;
1606258815;Forehead;31,360000610351562;31,170000076293945;21,82000000000005; 23,110000000000014; 20,0; 682;4; 12; 34; 33;array[54,525467]; dtype=float32; array[12,312103]; dtype=float32; array[7,399378]; dtype=float32; array[6,4970913]; dtype=float32;
1606258821;Forehead;31,399999618530273;31,18000030517578;21,670000000000016; 23,060000000000002; 19,850000000000023; 682;4; 12; 34; 33;array[53,760014]; dtype=float32; array[12,2955675]; dtype=float32; array[7,144226]; dtype=float32; array[6,321494]; dtype=float32;
1606258959;Forehead;30.90999984741211;30.950000762939453;(27.930000000000007, 34.01000000000005, 20.29000000000002, 682);(4, 12, 34, 33);(array([16.851618], dtype=float32), array([12.317637], dtype=float32), array([7.484427], dtype=float32), array([6.8482866], dtype=float32)),
1606258970;Forehead;31.09000015258789;30.979999542236328;(29.350000000000023, 34.72000000000003, 21.620000000000005, 682);(4, 12, 34, 33);(array([14.726833], dtype=float32), array([12.794821], dtype=float32), array([6.889075], dtype=float32), array([7.19948], dtype=float32)),
1606258978;Forehead;31.139999389648438;31.010000228881836;(22.439999999999998, 23.75, 20.910000000000025, 682);(4, 12, 34, 33);(array([55.205376], dtype=float32), array([12.130994], dtype=float32), array([8.24988], dtype=float32), array([7.199481], dtype=float32)),
1606259158;Forehead;31.190000534057617;31.149999618530273;(20.80000000000001, 28.77000000000004, 19.340000000000032, 682);(30, 20, 50, 60);(array([31.982224], dtype=float32), array([9.872655], dtype=float32), array([5.9535217], dtype=float32), array([6.145898], dtype=float32)),
1606259171;Forehead;31.399999618530273;31.219999313354492;(28.0, 32.610000000000014, 20.129999999999995, 861);(30, 20, 50, 60);(array([29.608181], dtype=float32), array([12.407396], dtype=float32), array([6.6339235], dtype=float32), array([6.4970913], dtype=float32)),
1606259615;Forehead;31.31999969482422;31.329999923706055;(28.24000000000001, 33.31, 20.200000000000045, 861);(30, 20, 50, 60);(array([32.498417], dtype=float32), array([11.946748], dtype=float32), array([7.4844275], dtype=float32), array([6.8482866], dtype=float32)),
1606259622;Forehead;31.43000030517578;31.3700008392334;(29.160000000000025, 34.0, 21.090000000000032, 861);(30, 20, 50, 60);(array([31.393745], dtype=float32), array([12.259359], dtype=float32), array([7.569477], dtype=float32), array([6.8482857], dtype=float32)),
1606259639;Forehead;31.520000457763672;31.489999771118164;(26.110000000000014, 33.610000000000014, 20.04000000000002, 861);(30, 20, 50, 60);(array([33.39852], dtype=float32), array([29.69859], dtype=float32), array([7.824628], dtype=float32), array([6.8482857], dtype=float32)),
1606259655;Forehead;31.670000076293945;31.510000228881836;(21.04000000000002, 22.560000000000002, 19.260000000000048, 861);(30, 20, 50, 60);(array([68.21847], dtype=float32), array([43.109306], dtype=float32), array([8.079779], dtype=float32), array([6.321495], dtype=float32)),
1606259799;Forehead;31.31999969482422;31.34000015258789;(28.32000000000005, 32.84000000000003, 20.180000000000007, 861);(30, 20, 50, 60);(array([31.826365], dtype=float32), array([14.93741], dtype=float32), array([6.6339245], dtype=float32), array([6.497093], dtype=float32)),
1606259803;Forehead;31.3700008392334;31.350000381469727;(28.82000000000005, 33.30000000000001, 21.05000000000001, 861);(30, 20, 50, 60);(array([32.08201], dtype=float32), array([15.107495], dtype=float32), array([7.0591755], dtype=float32), array([6.6726904], dtype=float32)),
1606259809;Forehead;31.489999771118164;31.389999389648438;(22.189999999999998, 27.99000000000001, 20.090000000000032, 861);(30, 20, 50, 60);(array([58.509968], dtype=float32), array([38.21858], dtype=float32), array([8.419979], dtype=float32), array([7.901867], dtype=float32)),
1606259815;Forehead;31.540000915527344;31.420000076293945;(22.24000000000001, 31.189999999999998, 20.260000000000048, 861);(30, 20, 50, 60);(array([60.298973], dtype=float32), array([39.338303], dtype=float32), array([8.164827], dtype=float32), array([6.6726875], dtype=float32)),
1606259824;Forehead;31.549999237060547;31.5;(20.82000000000005, 29.29000000000002, 18.960000000000036, 861);(30, 20, 50, 60);(array([54.27513], dtype=float32), array([44.501488], dtype=float32), array([5.3581696], dtype=float32), array([6.497093], dtype=float32)),
1606260307;Forehead;31.3799991607666;31.389999389648438;(28.180000000000007, 32.59000000000003, 20.110000000000014, 861);(25, 12, 30, 17);(12, 25, 17, 30),
1606260314;Forehead;31.5;31.43000030517578;(22.890000000000043, 23.08000000000004, 22.590000000000032, 36);(46, 11, 52, 16);(11, 46, 16, 52),
1606260322;Forehead;31.579999923706055;31.450000762939453;(21.970000000000027, 22.200000000000045, 21.850000000000023, 42);(47, 11, 53, 16);(11, 47, 16, 53),
1606260340;Forehead;31.56999969482422;31.540000915527344;(29.140000000000043, 30.210000000000036, 28.420000000000016, 42);(15, 12, 21, 17);(12, 15, 17, 21),
                                                                                                                                                                                                                                                                                                                                                                                                                                                                                                                                                                                                                                                                                                                                                                                                                                                                                                                                                                                                                                                                                                                                                                                                                                                                                                                                                                                                                                                                                                                                                                                                             1606505941;Forehead;24.610000610351562;24.510000228881836;(32.05000000000001, 32.620000000000005, 31.5, 4);(29, 8, 36, 15);(8, 29, 15, 36),
1606505950;Forehead;24.799999237060547;24.600000381469727;(22.850000000000023, 23.200000000000045, 22.58000000000004, 64);(29, 6, 37, 13);(6, 29, 13, 37),
1606505963;Forehead;24.940000534057617;24.75;(21.860000000000014, 22.150000000000034, 21.54000000000002, 72);(22, 7, 30, 15);(7, 22, 15, 30),
1606506402;Forehead;26.020000457763672;25.989999771118164;(21.910000000000025, 22.25, 21.629999999999995, 81);(29, 6, 37, 14);(6, 29, 14, 37),
1606506692;Forehead;26.59000015258789;26.56999969482422;(26.629999999999995, 33.39000000000004, 21.590000000000032, 81);(0, 5, 9, 14);(5, 0, 14, 9),
1606506726;Forehead;26.829999923706055;26.719999313354492;(22.410000000000025, 23.33000000000004, 21.83000000000004, 100);(27, 9, 34, 15);(9, 27, 15, 34),
1606506948;Forehead;27.209999084472656;27.149999618530273;(22.0, 22.32000000000005, 21.74000000000001, 56);(27, 9, 34, 15);(26, 7, 14, 33),
1606507001;Forehead;27.299999237060547;27.25;(21.760000000000048, 22.010000000000048, 21.470000000000027, 56);(6, 24, 13, 32);(24, 6, 32, 13),
1606507894;Forehead;28.270000457763672;28.270000457763672;(23.980000000000018, 32.31, 21.379999999999995, 72);(22, 9, 37, 16);(9, 22, 16, 37),
1606508292;Forehead;28.790000915527344;28.719999313354492;(21.660000000000025, 21.980000000000018, 21.180000000000007, 128);(24, 8, 39, 15);(8, 24, 15, 39),
1606508729;Forehead;29.100000381469727;29.030000686645508;(21.400000000000034, 22.100000000000023, 20.879999999999995, 162);(23, 2, 42, 12);(2, 23, 12, 42),
1606508892;Forehead;28.959999084472656;28.989999771118164;(21.55000000000001, 22.730000000000018, 20.980000000000018, 220);(7, 23, 15, 39);(23, 7, 39, 15),
1606508961;Forehead;29.059999465942383;29.06999969482422;(25.33000000000004, 32.10000000000002, 20.03000000000003, 153);(22, 8, 35, 16);(8, 22, 16, 35),
1606509073;Forehead;28.989999771118164;29.010000228881836;(21.560000000000002, 21.890000000000043, 21.090000000000032, 126);(22, 8, 35, 16);(8, 22, 7, 19),
1606509500;Forehead;29.229999542236328;29.229999542236328;(21.340000000000032, 21.730000000000018, 20.99000000000001, 126);(21, 9, 34, 16);(9, 21, 16, 34),
1606548639;Face;26.40999984741211;26.450000762939453;(32.870000000000005, 33.19, 32.35000000000002, 4);(14, 2, 48, 38);(2, 14, 38, 48),
1606548694;Forehead;26.579999923706055;26.6200008392334;(26.150000000000034, 33.960000000000036, 21.57000000000005, 1295);(19, 7, 34, 15);(7, 19, 15, 34),
1606548769;Forehead;26.760000228881836;26.790000915527344;(22.710000000000036, 23.210000000000036, 22.150000000000034, 144);(19, 7, 34, 15);(33, 46, 43, 65),
1606550485;Forehead;29.459999084472656;29.489999771118164;(28.370000000000005, 32.04000000000002, 18.670000000000016, 189);(32, 19, 52, 27);(7, 21, 15, 36),
1606550578;Forehead;29.579999923706055;29.600000381469727;(27.730000000000018, 31.510000000000048, 18.310000000000002, 189);(32, 19, 52, 27);(8, 23, 16, 38),
1606550655;Forehead;29.6299991607666;29.610000610351562;(27.55000000000001, 31.439999999999998, 18.170000000000016, 189);(10, 10, 50, 70);(8, 25, 15, 37),
1606552759;Forehead;30.610000610351562;30.6200008392334;(24.79000000000002, 34.02000000000004, 15.020000000000039, 2501);(23, 6, 35, 15);((23, 6), (35, 15)),
1606552887;Forehead;30.540000915527344;30.579999923706055;(21.439999999999998, 21.840000000000032, 20.920000000000016, 130);(29, 30, 46, 39);((29, 30), (46, 39)),
1606556027;Forehead;30.510000228881836;30.56999969482422;(24.939999999999998, 34.0, 15.150000000000034, 2501);(10, 10, 50, 70);((10, 20), (70, 60)),
1606556423;Forehead;30.799999237060547;30.770000457763672;(24.689999999999998, 33.73000000000002, 14.770000000000039, 2501);(20, 10, 50, 70);((10, 20), (70, 50)),
1606556730;Forehead;30.729999542236328;30.739999771118164;(25.54000000000002, 33.83000000000004, 15.480000000000018, 1891);(20, 10, 40, 30);((10, 20), (30, 40)),
1606557143;Forehead;30.899999618530273;30.889999389648438;(21.220000000000027, 27.760000000000048, 20.49000000000001, 441);(10, 10, 50, 70);((10, 10), (70, 50)),
1606557398;Forehead;30.899999618530273;30.899999618530273;(25.29000000000002, 34.170000000000016, 15.010000000000048, 2501);(5, 5, 55, 35);((5, 5), (35, 55)),
1606557548;Forehead;30.8700008392334;30.90999984741211;(20.970000000000027, 22.32000000000005, 19.32000000000005, 1581);(5, 5, 55, 35);((5, 5), (35, 55)),
1606557974;Forehead;31.040000915527344;31.049999237060547;(30.28000000000003, 75.96000000000004, 19.74000000000001, 1581);(5, 5, 55, 35);((5, 5), (35, 55)),
1606558099;Forehead;30.989999771118164;31.020000457763672;(27.08000000000004, 33.879999999999995, 20.82000000000005, 1581);(5, 5, 55, 35);((5, 5), (35, 55)),
1606558131;Forehead;31.190000534057617;31.15999984741211;(21.53000000000003, 60.94, 19.49000000000001, 1581);(5, 5, 55, 35);((5, 5), (35, 55)),
1606558177;Forehead;31.239999771118164;31.200000762939453;(23.920000000000016, 32.0, 19.930000000000007, 1581);(5, 5, 55, 35);((5, 5), (35, 55)),
1606558200;Forehead;31.3799991607666;31.290000915527344;(28.82000000000005, 68.47000000000003, 19.420000000000016, 1581);(5, 5, 55, 35);((5, 5), (35, 55)),
1606558265;Forehead;31.1200008392334;31.1200008392334;(27.82000000000005, 66.37, 20.090000000000032, 1581);(5, 5, 55, 35);((5, 5), (35, 55)),
1606558864;Forehead;31.010000228881836;31.010000228881836;(23.74000000000001, 32.69, 20.010000000000048, 1581);(5, 45, 55, 75);((45, 5), (75, 55)),
1606558946;Forehead;30.950000762939453;30.969999313354492;(23.03000000000003, 33.53000000000003, 14.800000000000011, 1581);(8, 28, 15, 38);((28, 8), (38, 15)),
1606559046;Forehead;30.90999984741211;30.920000076293945;(27.610000000000014, 32.83000000000004, 20.689999999999998, 88);(8, 25, 15, 38);((25, 8), (38, 15)),
1606559751;Forehead;30.809999465942383;30.81999969482422;(25.140000000000043, 32.73000000000002, 20.650000000000034, 112);(10, 24, 17, 35);((24, 10), (35, 17)),
1606562716;Forehead;30.700000762939453;30.75;(23.0, 32.09000000000003, 20.54000000000002, 96);(9, 44, 15, 54);((44, 9), (54, 15)),
1606563126;Forehead;30.540000915527344;30.540000915527344;(27.25, 32.47000000000003, 19.0, 77);(8, 31, 36, 41);((31, 8), (41, 36)),
1606563191;Forehead;30.520000457763672;30.549999237060547;(26.980000000000018, 32.76000000000005, 20.260000000000048, 319);(9, 30, 35, 40);((30, 9), (40, 35)),
1606563267;Forehead;30.479999542236328;30.489999771118164;(27.210000000000036, 33.56, 21.05000000000001, 297);(9, 32, 15, 41);((32, 9), (41, 15)),
1606563342;Forehead;30.469999313354492;30.489999771118164;(31.27000000000004, 32.610000000000014, 25.75, 70);(10, 35, 16, 45);((35, 10), (45, 16)),
1606563471;Forehead;30.389999389648438;30.420000076293945;(20.80000000000001, 23.590000000000032, 19.220000000000027, 77);(15, 44, 27, 53);((44, 15), (53, 27)),
1606563488;Forehead;30.600000381469727;30.56999969482422;(25.879999999999995, 31.58000000000004, 19.02000000000004, 130);(20, 41, 26, 51);((41, 20), (51, 26)),
1606563511;Forehead;30.790000915527344;30.670000076293945;(28.470000000000027, 31.58000000000004, 20.760000000000048, 77);(16, 43, 26, 52);((43, 16), (52, 26)),
1606563532;Forehead;30.889999389648438;30.75;(26.230000000000018, 31.480000000000018, 19.210000000000036, 110);(21, 42, 26, 51);((42, 21), (51, 26)),
1606565623;Forehead;30.0;29.969999313354492;(22.810000000000002, 31.220000000000027, 19.52000000000004, 60);(12, 33, 17, 42);((33, 12), (42, 17)),
1606565657;Forehead;30.1200008392334;30.059999465942383;(21.620000000000005, 25.890000000000043, 19.629999999999995, 60);(15, 39, 22, 50);((39, 15), (50, 22)),
1606565677;Forehead;30.270000457763672;30.18000030517578;(28.129999999999995, 32.69, 23.670000000000016, 96);(21, 40, 23, 52);((40, 21), (52, 23)),
1606565695;Forehead;30.43000030517578;30.299999237060547;(31.180000000000007, 32.33000000000004, 28.27000000000004, 39);(21, 36, 25, 47);((36, 21), (47, 25)),
1606567709;Forehead;28.209999084472656;28.229999542236328;(31.28000000000003, 31.760000000000048, 30.840000000000032, 4);(10, 35, 16, 45);((35, 10), (45, 16)),
1606567906;Forehead;28.540000915527344;28.469999313354492;(20.53000000000003, 23.230000000000018, 18.890000000000043, 77);(20, 41, 26, 51);((41, 20), (51, 26)),
1606567924;Forehead;28.760000228881836;28.6299991607666;(29.58000000000004, 32.860000000000014, 21.480000000000018, 77);(21, 42, 27, 52);((42, 21), (52, 27)),
1606567940;Forehead;28.920000076293945;28.739999771118164;(30.560000000000002, 32.54000000000002, 23.870000000000005, 77);(20, 43, 26, 52);((43, 20), (52, 26)),
